<?xml version="1.0" encoding="UTF-8" ?>
<!DOCTYPE mapper
  PUBLIC "-//mybatis.org//DTD Mapper 3.0//EN"
  "https://mybatis.org/dtd/mybatis-3-mapper.dtd">
<mapper namespace="com.ohmycar.mapper.CarMapper">
	<!-- <resultMap type="com.ohmycar.domain.CarVO" id="carMap"> <id property="userId" 
		column="userid" /> <result property="userId" column="userid" /> <result property="carId" 
		column="carid" /> <result property="carSellName" column="carsellname" /> 
		<result property="carName" column="carname" /> <result property="carType" 
		column="cartype" /> </resultMap> -->

	<!-- <select id="getCarByCarId" resultType="com.ohmycar.domain.CarVO"> SELECT 
		* FROM car_tbl WHERE carid = #{carId} </select> -->

	<select id="getCarByUserId"
		resultType="com.ohmycar.domain.CarVO">
		SELECT * FROM car_tbl WHERE userid = #{userId}
	</select>




	<update id="updateCar" parameterType="com.ohmycar.domain.CarVO">
		UPDATE car_tbl
		SET
		carid = #{carId},
		carsellname = #{carSellName},
		carname = #{carName},
		cartype = #{carType}
		WHERE userid= #{userId}
	</update>


</mapper>
